,model,throughput,response_length,latency,energy,gpu,task,parameters_count,energy_per_token,dtype,optimization,quantization,cuda-fp16
0,BAIR/koala-13b,25.50117012651914,258.85426460711886,10.06355084504128,1946.198744123579,A100,chat-concise,13,0.0020884753939714,float16,None,None,False
1,BAIR/koala-7b,32.92721737057136,247.0456682337139,7.462044263397255,1195.704790463391,A100,chat-concise,7,0.0013444486679238,float16,None,None,False
2,RWKV/rwkv-raven-7b,64.47852685919943,209.4788448623237,2.9212886777848954,736.6553304231044,A100,chat-concise,7,0.000976836018012,float16,None,None,False
3,FreedomIntelligence/phoenix-inst-chat-7b,54.276457252393016,233.5110812625924,4.103907452767313,1002.3285728676934,A100,chat-concise,7,0.0011923400040328,float16,None,None,False
4,camel-ai/CAMEL-13B-Combined-Data,26.30022114657458,282.4801880456682,10.72763999556464,2349.183087978496,A100,chat-concise,13,0.0023100765483287,float16,None,None,False
5,databricks/dolly-v2-12b,24.80980791715828,143.01410342511753,5.488031835448774,1002.4862169241038,A100,chat-concise,12,0.001947139386402,float16,None,None,False
6,lmsys/vicuna-13B,26.471361088447697,269.1239086635326,10.13281609787714,2151.007414036257,A100,chat-concise,13,0.0022201745746846,float16,None,None,False
7,lmsys/vicuna-7B,33.42934778322944,272.4801880456682,8.138669158259418,1384.4621272666218,A100,chat-concise,7,0.0014113789919477,float16,None,None,False
8,metaai/llama-13B,21.603271794897424,78.05742108797851,3.1706939710784794,671.8356437206298,A100,chat-concise,13,0.0023908170362722,float16,None,None,False
9,metaai/llama-7B,27.65154362364814,67.52249832102082,2.1186345380820564,369.4284586971132,A100,chat-concise,7,0.0015197751691128,float16,None,None,False
10,tatsu-lab/alpaca-7B,33.28849736927566,124.2155809267965,3.679997416454322,596.6560735392795,A100,chat-concise,7,0.0013342754344402,float16,None,None,False
11,Neutralzz/BiLLa-7B-SFT,33.545066744328324,142.316319677636,4.214619093185649,677.7428566151748,A100,chat-concise,7,0.0013228412949531,float16,None,None,False
12,OpenAssistant/oasst-sft-1-pythia-12b,24.918246219702905,251.1000671591672,9.773108534123995,2057.1658650100785,A100,chat-concise,12,0.0022757260440738,float16,None,None,False
13,h2oai/h2ogpt-gm-oasst1-en-2048-open-llama-7b-preview-300bt-v2,33.01663685477516,206.8223640026864,6.229473677366736,998.7828710543928,A100,chat-concise,7,0.0013414394895921,float16,None,None,False
14,lmsys/fastchat-t5-3b-v1.0,19.17742489592329,312.91034251175284,20.87891858265921,1744.028456346554,A100,chat-concise,3,0.0015482145623453,float16,None,None,False
15,nomic-ai/gpt4all-13b-snoozy,26.07277221094992,216.6400268636669,8.208376720764958,1738.0828875083905,A100,chat-concise,13,0.0022285854053622,float16,None,None,False
16,openaccess-ai-collective/manticore-13b-chat-pyg,26.16054700304064,276.17058428475485,10.500794145583235,2117.0177760241745,A100,chat-concise,13,0.0021293379049149,float16,None,None,False
17,StabilityAI/stablelm-tuned-alpha-7b,45.937935977440574,244.9257891202149,5.171557462488085,1199.136379785083,A100,chat-concise,7,0.0013599769955857,float16,None,None,False
18,project-baize/baize-v2-7B,31.98482659469149,316.2058428475487,9.718332352424522,1593.2951074546695,A100,chat-concise,7,0.0013996641248224,float16,None,None,False
19,togethercomputer/RedPajama-INCITE-7B-Chat,27.099977162771395,275.3183344526528,9.708286378669252,1423.87201108125,A100,chat-concise,7,0.0014365915872055,float16,None,None,False
20,Salesforce/xgen-7b-8k-inst,48.26598174227058,274.099395567495,5.723015730856568,1272.8863495634648,A100,chat-concise,7,0.0012899683372645,float16,None,None,False
21,BAIR/koala-13b,21.207721076321384,265.5732034922767,12.1433556952537,2144.8338435191445,A100,chat,13,0.0022434009565752,float16,None,None,False
22,BAIR/koala-7b,26.5628207031951,261.0698455339154,9.620738416075923,1345.554839153794,A100,chat,7,0.0014316675766743,float16,None,None,False
23,RWKV/rwkv-raven-7b,61.52127877000437,214.78475486903963,3.0815914876914072,735.766777367353,A100,chat,7,0.0009515557121567,float16,None,None,False
24,FreedomIntelligence/phoenix-inst-chat-7b,55.838321060384565,240.3441907320349,4.122390997297159,1030.8907246474148,A100,chat,7,0.0011914518663925,float16,None,None,False
25,Neutralzz/BiLLa-7B-SFT,33.57049533371462,161.80826057756883,4.794732123814392,881.4395631296157,A100,chat,7,0.0015131756698798,float16,None,None,False
26,OpenAssistant/oasst-sft-1-pythia-12b,25.40428806568841,259.5876427132304,9.929468848113125,2060.029685359295,A100,chat,12,0.0022043825436926,float16,None,None,False
27,StabilityAI/stablelm-tuned-alpha-7b,45.42078300695383,243.87541974479515,5.208388584671265,1124.4006343183476,A100,chat,7,0.0012807092648357,float16,None,None,False
28,camel-ai/CAMEL-13B-Combined-Data,24.501197269962507,291.92008059100067,13.17006271185142,2526.4594200805864,A100,chat,13,0.0024040630638869,float16,None,None,False
29,databricks/dolly-v2-12b,22.10974954935886,153.75822699798522,7.943902623603982,1242.9209395567464,A100,chat,12,0.002245446135042,float16,None,None,False
30,h2oai/h2ogpt-gm-oasst1-en-2048-open-llama-7b-preview-300bt-v2,33.19728218417469,212.4560107454668,6.392467083725633,951.077651108126,A100,chat,7,0.0012434961735934,float16,None,None,False
31,lmsys/fastchat-t5-3b-v1.0,19.29185069230553,314.29684351914034,20.68237582535769,1802.975494963065,A100,chat,3,0.0015934825204444,float16,None,None,False
32,lmsys/vicuna-13B,21.611375785831733,280.739758226998,12.738298498406271,2600.83922397583,A100,chat,13,0.0025733987396581,float16,None,None,False
33,lmsys/vicuna-7B,27.25945669782727,284.9194089993284,10.297412690598655,1531.700996306237,A100,chat,7,0.0014933082322059,float16,None,None,False
34,metaai/llama-13B,23.2013653679776,76.47078576225655,2.9742001407414107,631.5696930826057,A100,chat,13,0.0022941574891318,float16,None,None,False
35,metaai/llama-7B,27.47090162492125,60.65144392209537,1.9862404549640509,335.25658764271293,A100,chat,7,0.0015354429157592,float16,None,None,False
36,nomic-ai/gpt4all-13b-snoozy,26.56728255912365,247.795836131632,9.280741749712536,2004.732918065816,A100,chat,13,0.002247294642685,float16,None,None,False
37,openaccess-ai-collective/manticore-13b-chat-pyg,26.28076743964697,288.8153122901276,10.947609359217866,2189.247364674278,A100,chat,13,0.0021055818098528,float16,None,None,False
38,project-baize/baize-v2-7B,31.591810721211225,326.29952988582943,10.17013366094905,1588.2741897246513,A100,chat,7,0.0013520928916994,float16,None,None,False
39,tatsu-lab/alpaca-7B,28.0006749636751,132.84586971121558,4.627808613438331,684.1749345198082,A100,chat,7,0.0014305946683574,float16,None,None,False
40,togethercomputer/RedPajama-INCITE-7B-Chat,27.48563290418453,274.39456010745465,9.540005102660755,1457.8563905305575,A100,chat,7,0.0014758314024961,float16,None,None,False
41,Salesforce/xgen-7b-8k-inst,49.54232207970749,275.2686366689053,5.597276540872152,1246.0923297515117,A100,chat,7,0.0012574507668327,float16,None,None,False
42,metaai/llama-13B,23.07818834714252,114.53055742108798,4.394399051080669,930.4217461383608,A100,instruct-concise,13,0.0022566072396574,float16,None,None,False
43,metaai/llama-7B,28.422054486839865,106.21793149764945,3.3668744317152224,578.5248918737578,A100,instruct-concise,7,0.0015129400148164,float16,None,None,False
44,BAIR/koala-13b,25.68238710094553,169.5476830087307,6.410479635487899,1266.6891084620372,A100,instruct-concise,13,0.00207527510515,float16,None,None,False
45,BAIR/koala-7b,33.3282753053598,195.68065815983883,5.765067746732124,865.7973959032869,A100,instruct-concise,7,0.0012290395939048,float16,None,None,False
46,RWKV/rwkv-raven-7b,66.0701614426915,226.21087978509067,3.18886842772664,805.043430490258,A100,instruct-concise,7,0.0009885606534426,float16,None,None,False
47,FreedomIntelligence/phoenix-inst-chat-7b,53.984465765624535,195.5295500335796,3.4296249723803256,847.9469607118755,A100,instruct-concise,7,0.0012046303097384,float16,None,None,False
48,camel-ai/CAMEL-13B-Combined-Data,25.753539426678923,188.1289456010745,7.247808498485511,1586.241547011427,A100,instruct-concise,13,0.0023421310874827,float16,None,None,False
49,databricks/dolly-v2-12b,24.68014979695401,155.27535258562793,5.997897220429992,1098.335702149091,A100,instruct-concise,12,0.0019648530530866,float16,None,None,False
50,h2oai/h2ogpt-gm-oasst1-en-2048-open-llama-7b-preview-300bt-v2,32.5833896491562,213.576561450638,6.531293810193048,968.5605910006632,A100,instruct-concise,7,0.0012597103670173,float16,None,None,False
51,lmsys/fastchat-t5-3b-v1.0,35.32774199941168,284.1574882471457,12.138674304558975,1073.305966420408,A100,instruct-concise,3,0.0010492088315778,float16,None,None,False
52,lmsys/vicuna-13B,26.34627305992005,195.9079919409,7.373395581162019,1657.1269066487612,A100,instruct-concise,13,0.0023496388537508,float16,None,None,False
53,lmsys/vicuna-7B,33.203726764981546,213.17058428475488,6.385267472888481,1042.905993955669,A100,instruct-concise,7,0.0013589872655466,float16,None,None,False
54,tatsu-lab/alpaca-7B,32.842417001177665,122.1242444593687,3.658875369844624,569.2690120886454,A100,instruct-concise,7,0.0012948311929032,float16,None,None,False
55,Neutralzz/BiLLa-7B-SFT,31.28470885552271,103.00335795836132,3.208946741549069,494.7404388851737,A100,instruct-concise,7,0.0013342079560734,float16,None,None,False
56,nomic-ai/gpt4all-13b-snoozy,25.76578508237939,121.15312290127602,4.545457045249276,994.3254654130168,A100,instruct-concise,13,0.0022797721722398,float16,None,None,False
57,openaccess-ai-collective/manticore-13b-chat-pyg,26.39233382258096,227.33378106111485,8.568163497332025,1738.897591336476,A100,instruct-concise,13,0.0021247484929427,float16,None,None,False
58,OpenAssistant/oasst-sft-1-pythia-12b,24.824754847354107,236.00940228341167,9.223680323395048,1834.861354264594,A100,instruct-concise,12,0.0021595906967549,float16,None,None,False
59,project-baize/baize-v2-7B,31.45166088245228,241.78945601074545,7.49180176517012,1276.267568838159,A100,instruct-concise,7,0.0014662292350165,float16,None,None,False
60,StabilityAI/stablelm-tuned-alpha-7b,44.77280320960753,224.9724647414372,4.834958684556046,1105.6361689053056,A100,instruct-concise,7,0.0013651499901653,float16,None,None,False
61,togethercomputer/RedPajama-INCITE-7B-Chat,26.907685411875395,276.31497649429144,9.836634313501508,1464.5413824714483,A100,instruct-concise,7,0.0014722946104765,float16,None,None,False
62,Salesforce/xgen-7b-8k-inst,44.66394376983288,274.2733378106112,6.187109905653467,1280.4384345198118,A100,instruct-concise,7,0.001296798827627,float16,None,None,False
63,BAIR/koala-13b,20.72717570901688,254.08025520483545,11.89253735148136,2191.190301544663,A100,instruct,13,0.002395557939599,float16,None,None,False
64,BAIR/koala-7b,25.954660733201525,259.2263263935527,9.768064146371245,1447.61525218268,A100,instruct,7,0.0015512133872469,float16,None,None,False
65,RWKV/rwkv-raven-7b,61.48629627223311,244.58898589657488,3.686417284762874,892.832628945603,A100,instruct,7,0.0010139829587456,float16,None,None,False
66,FreedomIntelligence/phoenix-inst-chat-7b,55.22014703563219,221.38582941571525,3.8385676472189294,887.4773411685698,A100,instruct,7,0.001113537773888,float16,None,None,False
67,Neutralzz/BiLLa-7B-SFT,32.311906190353724,146.99966420416388,4.4437706789731255,750.0805171255877,A100,instruct,7,0.0014173889466316,float16,None,None,False
68,OpenAssistant/oasst-sft-1-pythia-12b,24.935530057384018,250.45466756212224,9.786432366627167,2029.4657938213643,A100,instruct,12,0.002250868405732,float16,None,None,False
69,StabilityAI/stablelm-tuned-alpha-7b,45.08986296277073,232.79348556077903,4.994290238837428,1132.5013462055056,A100,instruct,7,0.001351342399129,float16,None,None,False
70,camel-ai/CAMEL-13B-Combined-Data,26.545864806820514,244.7578912021491,9.198450972152804,2025.3281155137663,A100,instruct,13,0.0022985618172924,float16,None,None,False
71,databricks/dolly-v2-12b,22.230280077272955,161.52820685023505,8.256380503504923,1374.5864308260586,A100,instruct,12,0.0023638568864469,float16,None,None,False
72,h2oai/h2ogpt-gm-oasst1-en-2048-open-llama-7b-preview-300bt-v2,32.73570790682367,219.56077904633983,6.708469191383511,1011.168331766286,A100,instruct,7,0.0012792817249843,float16,None,None,False
73,lmsys/fastchat-t5-3b-v1.0,33.043489972767865,355.22464741437204,15.602670499951651,1307.8302488247157,A100,instruct,3,0.0010226941820433,float16,None,None,False
74,lmsys/vicuna-13B,21.00930585347828,266.4140362659503,12.326653083850998,2284.892455003353,A100,instruct,13,0.0023823532630182,float16,None,None,False
75,lmsys/vicuna-7B,26.45612216704581,269.8492276695769,9.998248218763614,1393.5497108797765,A100,instruct,7,0.0014344941627368,float16,None,None,False
76,metaai/llama-13B,22.701925773082262,99.55339153794492,3.953801921461699,853.2385591000668,A100,instruct,13,0.0023807396935421,float16,None,None,False
77,metaai/llama-7B,29.32171747886574,107.48018804566824,3.322338972945185,561.9730688381476,A100,instruct,7,0.0014523944651686,float16,None,None,False
78,nomic-ai/gpt4all-13b-snoozy,25.87563696100208,219.97582269979853,8.453523028629553,1718.9753918737365,A100,instruct,13,0.0021706620234397,float16,None,None,False
79,openaccess-ai-collective/manticore-13b-chat-pyg,26.222449633250086,275.88179986568167,10.469822985415592,2115.522391537931,A100,instruct,13,0.002130061167669,float16,None,None,False
80,project-baize/baize-v2-7B,32.41073358811793,300.9086635325722,9.142081563219635,1529.693656480853,A100,instruct,7,0.001412105918087,float16,None,None,False
81,tatsu-lab/alpaca-7B,25.79378618278183,127.34217595701811,4.787391331217622,727.924358965749,A100,instruct,7,0.0015878573560111,float16,None,None,False
82,togethercomputer/RedPajama-INCITE-7B-Chat,27.400950213545173,283.2615849563465,9.932342660383254,1629.655866689063,A100,instruct,7,0.001598106517907,float16,None,None,False
83,Salesforce/xgen-7b-8k-inst,48.57875587391399,273.65950302216254,5.67808680985901,1209.0622276695774,A100,instruct,7,0.0012272572853788,float16,None,None,False
84,lmsys/vicuna-7B,29.82902663120629,271.9100067159167,9.132098360456242,2143.52561215591,A40,chat-concise,7,0.0021897825252768,float16,None,None,False
85,StabilityAI/stablelm-tuned-alpha-7b,26.57393014131587,255.54365345869712,9.397491535841588,2439.293790463411,A40,chat-concise,7,0.0026515297847988,float16,None,None,False
86,databricks/dolly-v2-12b,15.273711386107992,141.4445936870383,8.891394107289802,2095.3922259908463,A40,chat-concise,12,0.004115062873286,float16,None,None,False
87,tatsu-lab/alpaca-7B,29.852723929321897,121.2928139691068,4.0361613936664735,1080.58840899923,A40,chat-concise,7,0.0024747009911129,float16,None,None,False
88,camel-ai/CAMEL-13B-Combined-Data,17.460563027552272,283.4543317662861,16.28615281731328,4262.537929482914,A40,chat-concise,13,0.0041771748781088,float16,None,None,False
89,BAIR/koala-7b,29.88879673761688,251.45399597045,8.385359924898546,1940.5972622565405,A40,chat-concise,7,0.0021437511581029,float16,None,None,False
90,h2oai/h2ogpt-gm-oasst1-en-2048-open-llama-7b-preview-300bt-v2,29.57083939186151,212.1212222968435,7.140702722639097,1524.9156188717134,A40,chat-concise,7,0.0019969132146336,float16,None,None,False
91,lmsys/vicuna-13B,17.282398545945153,269.62491605104094,15.6926107484118,4203.671348891897,A40,chat-concise,13,0.0043307810824955,float16,None,None,False
92,togethercomputer/RedPajama-INCITE-7B-Chat,14.451529449594792,275.07991940899933,18.294811550193185,2937.839604096736,A40,chat-concise,7,0.0029666525948052,float16,None,None,False
93,metaai/llama-13B,15.493654667854246,81.26796507723304,4.881042191492302,1264.815973472223,A40,chat-concise,13,0.0043232012770967,float16,None,None,False
94,BAIR/koala-13b,17.393931641363825,252.56816655473472,14.499323956849762,3747.8785020146615,A40,chat-concise,13,0.0041219658671637,float16,None,None,False
95,nomic-ai/gpt4all-13b-snoozy,17.45953616124214,217.35325721961047,12.440528350608275,3263.628521155058,A40,chat-concise,13,0.0041709219806292,float16,None,None,False
96,RWKV/rwkv-raven-7b,32.86455306586691,235.1927468099396,6.718876629108356,1661.2857568838062,A40,chat-concise,7,0.0019620854471926,float16,None,None,False
97,lmsys/fastchat-t5-3b-v1.0,21.09615171109894,313.09905977165886,18.36677833935964,1807.6800728676933,A40,chat-concise,3,0.0016037523521806,float16,None,None,False
98,project-baize/baize-v2-7B,28.92598212176896,321.0601074546676,10.940218308832325,2644.916052719705,A40,chat-concise,7,0.002288353135361,float16,None,None,False
99,OpenAssistant/oasst-sft-1-pythia-12b,16.01484723680571,249.1007387508395,15.153340834740217,3829.107141705864,A40,chat-concise,12,0.0042699225944888,float16,None,None,False
100,metaai/llama-7B,25.80475014752762,63.46373404969778,2.2525196486312047,539.0479066487654,A40,chat-concise,7,0.0023593873235917,float16,None,None,False
101,Neutralzz/BiLLa-7B-SFT,29.38230002194125,141.6155137676293,4.84122748247456,1131.9990564138398,A40,chat-concise,7,0.0022204077362112,float16,None,None,False
102,openaccess-ai-collective/manticore-13b-chat-pyg,17.220798012743607,268.91269308260576,15.69203478635506,4051.8244570182064,A40,chat-concise,13,0.004185398542234,float16,None,None,False
103,FreedomIntelligence/phoenix-inst-chat-7b,32.33242374435414,229.95869711215585,6.910495058340042,2049.7076356614534,A40,chat-concise,7,0.0024759369368425,float16,None,None,False
104,metaai/Llama-2-13b-chat-hf,16.934647828854768,358.7941571524513,20.990738735323337,3942.400414707617,A40,chat-concise,13,0.0030521991634394,float16,None,None,False
105,metaai/Llama-2-7b-chat-hf,31.733044836542074,402.6699126930826,12.569092892522695,2398.9215396235386,A40,chat-concise,7,0.0016548718276048,float16,None,None,False
106,Salesforce/xgen-7b-8k-inst,30.93318284190912,271.8891873740766,8.863184430360635,2114.634217595678,A40,chat-concise,7,0.0021604330773493,float16,None,None,False
107,lmsys/vicuna-7B,30.071255281840543,284.27266621893887,9.474226236086707,2239.068904633984,A40,chat,7,0.0021879120243714,float16,None,None,False
108,lmsys/vicuna-13B,17.50774908972375,281.298522498321,16.096842177613397,4265.287245130957,A40,chat,13,0.0042119027217551,float16,None,None,False
109,tatsu-lab/alpaca-7B,30.09713731797294,125.20013431833443,4.129986896187982,916.045386501007,A40,chat,7,0.0020324023867167,float16,None,None,False
110,metaai/llama-7B,25.768609507174105,64.59032907991941,2.284814629996714,525.7081235728675,A40,chat,7,0.0022608653091875,float16,None,None,False
111,metaai/llama-13B,15.699146010424393,80.32236400268637,4.757332595030835,1293.689832437891,A40,chat,13,0.0044739505771553,float16,None,None,False
112,camel-ai/CAMEL-13B-Combined-Data,17.40620018812374,292.3438549361988,16.834190191676036,4466.796722968406,A40,chat,13,0.0042442378950021,float16,None,None,False
113,RWKV/rwkv-raven-7b,33.10830960148045,243.21793149764943,6.948106877841656,1833.724161517768,A40,chat,7,0.0020942856454181,float16,None,None,False
114,databricks/dolly-v2-12b,15.597444626791148,148.3270651443922,9.168758730287117,2362.087664204047,A40,chat,12,0.00442357206785,float16,None,None,False
115,FreedomIntelligence/phoenix-inst-chat-7b,32.663340053939855,243.14909335124244,7.271332307256473,2149.2483156478947,A40,chat,7,0.0024553388737127,float16,None,None,False
116,h2oai/h2ogpt-gm-oasst1-en-2048-open-llama-7b-preview-300bt-v2,28.851651162429675,216.66286098052385,7.544740398256815,1636.1981326393268,A40,chat,7,0.0020977267595924,float16,None,None,False
117,lmsys/fastchat-t5-3b-v1.0,21.69489319491889,312.84116856950976,17.951570049172194,1787.5060366017656,A40,chat,3,0.0015871614879909,float16,None,None,False
118,Neutralzz/BiLLa-7B-SFT,29.49201862368961,159.29986568166555,5.443799112468728,1218.644757555166,A40,chat,7,0.0021250013689947,float16,None,None,False
119,nomic-ai/gpt4all-13b-snoozy,17.46230398293782,250.1742780389523,14.322901371942146,4093.901904969787,A40,chat,13,0.0045456110936619,float16,None,None,False
120,openaccess-ai-collective/manticore-13b-chat-pyg,17.485883513135143,289.58697112155807,16.594830177599892,4316.488665547325,A40,chat,13,0.0041404646924374,float16,None,None,False
121,OpenAssistant/oasst-sft-1-pythia-12b,16.056643548610985,254.2625923438549,15.462307354021265,3891.882398925786,A40,chat,12,0.0042518186972782,float16,None,None,False
122,project-baize/baize-v2-7B,29.00436028442001,324.24546675621224,11.011670755046683,2621.350261585316,A40,chat,7,0.0022456839804882,float16,None,None,False
123,BAIR/koala-7b,29.72380693194584,260.7196104768301,8.720630589929986,2017.3295624580248,A40,chat,7,0.0021493178893607,float16,None,None,False
124,BAIR/koala-13b,17.451436035057224,262.5295500335796,15.030911340299886,3827.610280053728,A40,chat,13,0.0040499253423346,float16,None,None,False
125,StabilityAI/stablelm-tuned-alpha-7b,26.413142361637988,255.346877098724,9.454673889303727,2319.91146675621,A40,chat,7,0.0025237036739931,float16,None,None,False
126,togethercomputer/RedPajama-INCITE-7B-Chat,21.410571862447824,279.5094022834117,12.506414288534286,2541.441298522497,A40,chat,7,0.0025256964899536,float16,None,None,False
127,metaai/Llama-2-13b-chat-hf,16.95804416983929,384.7333781061115,22.55271715111622,4337.670243116255,A40,chat,13,0.0031318010586887,float16,None,None,False
128,metaai/Llama-2-7b-chat-hf,31.92299411670057,428.19341840161184,13.367807321468502,2556.7166067830576,A40,chat,7,0.0016585940533388,float16,None,None,False
129,Salesforce/xgen-7b-8k-inst,30.881860177396,272.84116856950976,8.90293158029373,2142.922134654025,A40,chat,7,0.0021816947626925,float16,None,None,False
130,openaccess-ai-collective/manticore-13b-chat-pyg,17.4993855646115,229.5795836131632,13.132503049058466,3501.182491605137,A40,instruct-concise,13,0.0042362246538057,float16,None,None,False
131,lmsys/vicuna-7B,29.046593546528904,212.760241773002,7.3296203452423265,1706.1712568838818,A40,instruct-concise,7,0.0022275612036161,float16,None,None,False
132,RWKV/rwkv-raven-7b,33.07481929862108,242.7417730020148,6.943508281124177,1787.5870651446628,A40,instruct-concise,7,0.0020455974939923,float16,None,None,False
133,tatsu-lab/alpaca-7B,29.475397017987323,117.95399597044997,3.9749026008906014,927.7634805239352,A40,instruct-concise,7,0.0021848524571213,float16,None,None,False
134,metaai/llama-13B,15.786345111463364,102.35762256548018,6.009854743435423,1590.8409496307413,A40,instruct-concise,13,0.004317218910625,float16,None,None,False
135,OpenAssistant/oasst-sft-1-pythia-12b,16.03459728484094,241.3173270651444,14.686811677200872,3673.6327222969167,A40,instruct-concise,12,0.0042286790856749,float16,None,None,False
136,BAIR/koala-7b,29.75360600658546,200.51544660846204,6.658448294727219,1426.3522693082623,A40,instruct-concise,7,0.0019759523288517,float16,None,None,False
137,databricks/dolly-v2-12b,15.330621441395213,149.7411014103425,9.354867176525543,2240.8669214236447,A40,instruct-concise,12,0.0041569283774868,float16,None,None,False
138,togethercomputer/RedPajama-INCITE-7B-Chat,20.849945627496787,275.1017461383479,12.625316554842463,2521.5761004031265,A40,instruct-concise,7,0.0025461045431361,float16,None,None,False
139,BAIR/koala-13b,17.3129078938621,185.4365345869712,10.592529783475095,3058.9324654130387,A40,instruct-concise,13,0.004582179366689,float16,None,None,False
140,metaai/llama-7B,26.263780879593444,96.94089993284084,3.35252434620665,871.9958969106643,A40,instruct-concise,7,0.0024986469348127,float16,None,None,False
141,lmsys/vicuna-13B,17.391771626218006,199.80960376091332,11.55835909586615,3031.3180846202845,A40,instruct-concise,13,0.0042141758225543,float16,None,None,False
142,camel-ai/CAMEL-13B-Combined-Data,17.27426964902266,194.2202820685024,11.174119858559074,2956.610076225849,A40,instruct-concise,13,0.0042286035628335,float16,None,None,False
143,FreedomIntelligence/phoenix-inst-chat-7b,32.63089093979437,197.4449294828744,5.895621189552368,1736.5409079919812,A40,instruct-concise,7,0.0024430734975346,float16,None,None,False
144,StabilityAI/stablelm-tuned-alpha-7b,26.52354797277377,244.16588314304903,8.984752658064695,2305.969679315211,A40,instruct-concise,7,0.0026234096463339,float16,None,None,False
145,h2oai/h2ogpt-gm-oasst1-en-2048-open-llama-7b-preview-300bt-v2,29.926231643904146,223.8542646071189,7.510739674653152,1676.2203126259078,A40,instruct-concise,7,0.0020799994778941,float16,None,None,False
146,Neutralzz/BiLLa-7B-SFT,29.118626503392385,104.97817327065144,3.5443721553023035,818.274197783844,A40,instruct-concise,7,0.0021651966422322,float16,None,None,False
147,nomic-ai/gpt4all-13b-snoozy,17.423064750595767,135.3938885157824,7.734149922101941,1871.6546057756864,A40,instruct-concise,13,0.0038399374067708,float16,None,None,False
148,project-baize/baize-v2-7B,28.13796712305154,262.9902619207522,9.250474432119292,2105.324460711873,A40,instruct-concise,7,0.0022237034402968,float16,None,None,False
149,lmsys/fastchat-t5-3b-v1.0,40.20822673632634,281.74110141034254,10.492163513616964,1110.3276249158694,A40,instruct-concise,3,0.0010947083642056,float16,None,None,False
150,metaai/Llama-2-13b-chat-hf,16.753336372767794,223.3901947615849,12.93183804940574,2423.302869711249,A40,instruct-concise,13,0.0030132911014707,float16,None,None,False
151,metaai/Llama-2-7b-chat-hf,30.95799874634315,220.83680322364003,6.815573463441101,1288.2125369376631,A40,instruct-concise,7,0.0016203676678548,float16,None,None,False
152,Salesforce/xgen-7b-8k-inst,30.94642095862988,272.62760241773003,8.882096162332314,2275.1287498320407,A40,instruct-concise,7,0.0023181079343475,float16,None,None,False
153,FreedomIntelligence/phoenix-inst-chat-7b,32.795664087070854,221.2484889187374,6.588933942256567,1863.514234721291,A40,instruct,7,0.0023396446480059,float16,None,None,False
154,tatsu-lab/alpaca-7B,30.107577299286163,126.36030893216925,4.161682809197595,973.6026363331108,A40,instruct,7,0.0021402699870287,float16,None,None,False
155,togethercomputer/RedPajama-INCITE-7B-Chat,17.009700321585225,282.3190060443251,15.98330062659441,2834.287281396827,A40,instruct,7,0.0027886964949381,float16,None,None,False
156,lmsys/vicuna-7B,29.417977025894693,267.841840161182,9.164755312435684,2131.3740241775145,A40,instruct,7,0.0022104400854363,float16,None,None,False
157,RWKV/rwkv-raven-7b,33.80171881884355,264.9563465413029,7.560664676534496,2049.769828408296,A40,instruct,7,0.0021489596883554,float16,None,None,False
158,databricks/dolly-v2-12b,15.67950302952103,155.61316319677636,9.582122375200395,2369.283402619204,A40,instruct,12,0.0042292969629639,float16,None,None,False
159,camel-ai/CAMEL-13B-Combined-Data,17.522554791478672,245.7824042981867,14.081241566503389,3646.911668905305,A40,instruct,13,0.0041216580252479,float16,None,None,False
160,BAIR/koala-7b,29.350583449996343,253.7239758226998,8.64835721658589,1918.897159502941,A40,instruct,7,0.0021008144264745,float16,None,None,False
161,openaccess-ai-collective/manticore-13b-chat-pyg,17.267666593018745,276.03559435863,16.03621509688224,4113.539149429272,A40,instruct,13,0.004139501524741,float16,None,None,False
162,OpenAssistant/oasst-sft-1-pythia-12b,14.438332974888972,253.76796507723304,17.249506058312747,3936.226839825601,A40,instruct,12,0.0043086460659572,float16,None,None,False
163,h2oai/h2ogpt-gm-oasst1-en-2048-open-llama-7b-preview-300bt-v2,29.207313503768304,233.479516453996,8.096591130254916,1804.4821860309687,A40,instruct,7,0.0021468480802427,float16,None,None,False
164,project-baize/baize-v2-7B,28.47516339265779,306.76561450638013,10.688193155492014,2415.801835795991,A40,instruct,7,0.0021875204839326,float16,None,None,False
165,StabilityAI/stablelm-tuned-alpha-7b,23.120196395716167,244.85930154466084,10.369934308136855,2445.444213566122,A40,instruct,7,0.0027742056562226,float16,None,None,False
166,lmsys/vicuna-13B,17.595105665816288,263.95567494963063,15.050040050311225,3967.4957498321023,A40,instruct,13,0.004175254625389,float16,None,None,False
167,Neutralzz/BiLLa-7B-SFT,28.937231313361377,142.33848220282067,4.7632941655637016,1177.3565590999483,A40,instruct,7,0.0022976463116479,float16,None,None,False
168,metaai/llama-13B,15.747651109641996,101.69375419744796,5.970782866386873,1693.432888515849,A40,instruct,13,0.0046256333862393,float16,None,None,False
169,lmsys/fastchat-t5-3b-v1.0,31.014371537480105,357.13734049697786,17.964342393854206,1758.7082199462511,A40,instruct,3,0.0013679053005668,float16,None,None,False
170,nomic-ai/gpt4all-13b-snoozy,17.558360268154225,232.6746138347885,13.29095380657582,3411.2449123573792,A40,instruct,13,0.0040725028639489,float16,None,None,False
171,BAIR/koala-13b,17.468010116614902,254.08529214237743,14.4913390549458,3858.416870718604,A40,instruct,13,0.0042181995465047,float16,None,None,False
172,metaai/llama-7B,26.40244189851013,104.19308260577569,3.608983782098236,864.4181752854275,A40,instruct,7,0.0023045307211996,float16,None,None,False
173,metaai/Llama-2-13b-chat-hf,16.999960399598052,371.5631296171928,21.688517364074983,4210.194823371436,A40,instruct,13,0.0031475097199566,float16,None,None,False
174,metaai/Llama-2-7b-chat-hf,31.8151394939556,365.40362659503023,11.316028104293824,2180.2478049026786,A40,instruct,7,0.0016574120949323,float16,None,None,False
175,Salesforce/xgen-7b-8k-inst,30.891816462104057,274.67360644728006,8.955940515903757,2099.338151779749,A40,instruct,7,0.0021230634211569,float16,None,None,False
176,camel-ai/CAMEL-13B-Combined-Data,21.43101835743948,280.880120886501,13.06444851624632,2699.068023841508,V100,chat-concise,13,0.0026692566044455,float16,None,None,False
177,lmsys/fastchat-t5-3b-v1.0,17.265044888298704,310.3431833445265,23.454799682692173,1043.990802216248,V100,chat-concise,3,0.0009344411626342,float16,None,None,False
178,lmsys/vicuna-13B,21.22111373331653,268.2877770315648,12.47487856107636,2412.714352921421,V100,chat-concise,13,0.002498058013609,float16,None,None,False
179,lmsys/vicuna-7B,33.19220689261821,273.57118871726,8.18447234641069,1387.838511417057,V100,chat-concise,7,0.0014091787202572,float16,None,None,False
180,metaai/llama-7B,23.92946132846408,68.0584284754869,2.2809002959847486,354.6560946944264,V100,chat-concise,7,0.0014475147908395,float16,None,None,False
181,project-baize/baize-v2-7B,30.350461249705614,313.3747481531229,10.034955017859746,1647.9252511752854,V100,chat-concise,7,0.0014607335687165,float16,None,None,False
182,BAIR/koala-13b,21.42643187215904,253.86501007387508,11.723909422593444,2576.3193623237044,V100,chat-concise,13,0.0028189952884955,float16,None,None,False
183,RWKV/rwkv-raven-7b,36.40036863259138,202.84654130288783,4.8940369672449,1139.9740564136987,V100,chat-concise,7,0.0015610789224258,float16,None,None,False
184,FreedomIntelligence/phoenix-inst-chat-7b,42.26827672649405,233.5211551376763,5.210845160281831,1237.6637434519814,V100,chat-concise,7,0.0014722241506964,float16,None,None,False
185,Neutralzz/BiLLa-7B-SFT,31.9073779709284,141.02820685023505,4.304014573938894,791.1183122901291,V100,chat-concise,7,0.0015582349918171,float16,None,None,False
186,StabilityAI/stablelm-tuned-alpha-7b,27.43376032338956,241.67763599731364,8.396188638064837,1539.8807639355257,V100,chat-concise,7,0.0017698975533404,float16,None,None,False
187,metaai/llama-13B,17.16666100714585,85.41638683680323,4.213923745980638,936.364457689723,V100,chat-concise,13,0.0030450976431969,float16,None,None,False
188,openaccess-ai-collective/manticore-13b-chat-pyg,21.501265310987147,274.15983881799866,12.659875248785934,2867.592066151776,V100,chat-concise,13,0.0029054341261034,float16,None,None,False
189,tatsu-lab/alpaca-7B,30.27856487351534,124.94392209536602,3.96404224254347,697.6676591672265,V100,chat-concise,7,0.0015510684212632,float16,None,None,False
190,BAIR/koala-7b,31.65650075035145,247.8448623237072,7.693811395496254,1251.9351081262555,V100,chat-concise,7,0.001403134803751,float16,None,None,False
191,OpenAssistant/oasst-sft-1-pythia-12b,15.208750214131747,249.4513096037609,15.906977624923046,2461.867333445271,V100,chat-concise,12,0.0027414249223802,float16,None,None,False
192,databricks/dolly-v2-12b,14.77422282257357,145.3566151779718,9.38322044956342,1392.614104096707,V100,chat-concise,12,0.0026612978753277,float16,None,None,False
193,h2oai/h2ogpt-gm-oasst1-en-2048-open-llama-7b-preview-300bt-v2,31.09362733624043,213.68334452652783,6.7498229851656,1084.1301658831444,V100,chat-concise,7,0.0014093155878299,float16,None,None,False
194,nomic-ai/gpt4all-13b-snoozy,21.536649161834035,212.530557421088,9.801092169845262,1977.1679271323053,V100,chat-concise,13,0.0025841616365977,float16,None,None,False
195,togethercomputer/RedPajama-INCITE-7B-Chat,21.663817805786,273.984553391538,12.047950960830525,1659.1448901947638,V100,chat-concise,7,0.0016821151955637,float16,None,None,False
196,Salesforce/xgen-7b-8k-inst,38.01892516162966,274.0402955003358,7.251852527010593,1449.515241101413,V100,chat-concise,7,0.0014692843685379,float16,None,None,False
197,BAIR/koala-13b,21.53316026505164,265.5540631296172,12.202378193294791,2299.2539251175217,V100,chat,13,0.0024050908441729,float16,None,None,False
198,RWKV/rwkv-raven-7b,38.25693186890057,214.354600402955,5.09708168833379,1112.947044996645,V100,chat,7,0.0014422454958389,float16,None,None,False
199,Neutralzz/BiLLa-7B-SFT,31.7616918507028,160.1222296843519,4.935750165560669,783.9250990597718,V100,chat,7,0.0013599421666205,float16,None,None,False
200,StabilityAI/stablelm-tuned-alpha-7b,28.53967935283584,242.85829415715244,8.213054464106607,1349.8225080590985,V100,chat,7,0.0015439073142812,float16,None,None,False
201,h2oai/h2ogpt-gm-oasst1-en-2048-open-llama-7b-preview-300bt-v2,30.27581794574868,216.17797179314977,6.902688020302885,1083.431902955002,V100,chat,7,0.0013921552870537,float16,None,None,False
202,metaai/llama-13B,17.273409248575422,76.56447280053727,3.783735083427156,772.3963885157816,V100,chat,13,0.0028022729670514,float16,None,None,False
203,metaai/llama-7B,26.07837455088708,65.01040967092008,2.106037566082945,335.8834066487579,V100,chat,7,0.0014351693330899,float16,None,None,False
204,openaccess-ai-collective/manticore-13b-chat-pyg,21.38599300376877,293.6336467427804,13.589340266513748,2717.395536265952,V100,chat,13,0.0025706593974512,float16,None,None,False
205,camel-ai/CAMEL-13B-Combined-Data,21.443262786761142,292.39724647414374,13.597516823282726,3063.6723606447304,V100,chat,13,0.0029104928669509,float16,None,None,False
206,lmsys/fastchat-t5-3b-v1.0,17.285271119159383,312.98119543317665,24.00358150668783,1150.395621558095,V100,chat,3,0.0010210017214593,float16,None,None,False
207,lmsys/vicuna-13B,21.71511101442676,278.87676292813967,12.8324168655423,2980.6725436534525,V100,chat,13,0.002968926441794,float16,None,None,False
208,project-baize/baize-v2-7B,30.553878516266057,324.9533243787777,10.401131271597675,1837.7422095366,V100,chat,7,0.0015709454521488,float16,None,None,False
209,tatsu-lab/alpaca-7B,30.30927551611021,130.43619879113498,4.123330798846872,727.2185275352584,V100,chat,7,0.0015486893087174,float16,None,None,False
210,BAIR/koala-7b,32.54393862793764,261.6477501678979,7.92655260342141,1308.97298321021,V100,chat,7,0.0013896683851244,float16,None,None,False
211,FreedomIntelligence/phoenix-inst-chat-7b,43.255453591642365,241.4593687038281,5.358263290288085,1212.8509496306262,V100,chat,7,0.0013952783997265,float16,None,None,False
212,OpenAssistant/oasst-sft-1-pythia-12b,15.360072232285452,256.2988582941571,16.199311907878233,2513.5866148421774,V100,chat,12,0.0027242357175133,float16,None,None,False
213,databricks/dolly-v2-12b,14.8711288386801,151.2726662189389,9.739419852054697,1458.1875147750186,V100,chat,12,0.0026776290625516,float16,None,None,False
214,lmsys/vicuna-7B,32.13252691172293,283.11618535930154,8.759656009372382,1458.5311544660867,V100,chat,7,0.0014310292518001,float16,None,None,False
215,nomic-ai/gpt4all-13b-snoozy,21.59345917467568,244.30624580255204,11.242197763509727,2265.4151793149776,V100,chat,13,0.0025757916756771,float16,None,None,False
216,togethercomputer/RedPajama-INCITE-7B-Chat,22.21832199601588,278.4751511081263,11.953991510078367,1661.3254805238432,V100,chat,7,0.0016571650946562,float16,None,None,False
217,Salesforce/xgen-7b-8k-inst,37.91403759725149,273.3502350570853,7.256534066994451,1327.9763411685672,V100,chat,7,0.0013494860061643,float16,None,None,False
218,BAIR/koala-7b,31.870929688850776,191.7407656145064,5.776933217154402,940.6980705171268,V100,instruct-concise,7,0.0013628036727121,float16,None,None,False
219,RWKV/rwkv-raven-7b,39.221009432980566,226.7229684351914,5.369737004086241,1264.4471417058417,V100,instruct-concise,7,0.0015491827738701,float16,None,None,False
220,FreedomIntelligence/phoenix-inst-chat-7b,42.47018642224442,193.91034251175284,4.339222575622636,968.785210208196,V100,instruct-concise,7,0.0013877908694803,float16,None,None,False
221,lmsys/fastchat-t5-3b-v1.0,32.731683961001515,280.61417058428475,13.95502727468032,699.2501370047005,V100,instruct-concise,3,0.0006921822542444,float16,None,None,False
222,lmsys/vicuna-13B,21.749876946304724,194.7266621893889,8.894261652518159,2004.231935191404,V100,instruct-concise,13,0.0028590388539975,float16,None,None,False
223,metaai/llama-13B,18.570015239967084,117.85896574882472,5.5800629816924205,1151.47489355272,V100,instruct-concise,13,0.0027138719151806,float16,None,None,False
224,metaai/llama-7B,26.579538100451405,104.01846877098724,3.351423687020932,594.7948838146413,V100,instruct-concise,7,0.0015883794773347,float16,None,None,False
225,nomic-ai/gpt4all-13b-snoozy,20.983074234487425,124.95735392881129,5.782305658279372,1160.8125960376085,V100,instruct-concise,13,0.0025804639199344,float16,None,None,False
226,togethercomputer/RedPajama-INCITE-7B-Chat,22.13375331287594,273.00067159167224,11.777779012989532,1618.0334294828767,V100,instruct-concise,7,0.0016463466107664,float16,None,None,False
227,StabilityAI/stablelm-tuned-alpha-7b,29.00482449092475,223.56044325050368,7.41862470058361,1333.2689402283406,V100,instruct-concise,7,0.0016566100782944,float16,None,None,False
228,camel-ai/CAMEL-13B-Combined-Data,21.460150389563363,188.2263263935527,8.713883080348563,1952.1352001343216,V100,instruct-concise,13,0.0028808923183322,float16,None,None,False
229,databricks/dolly-v2-12b,14.910884049151369,157.10543989254532,10.048765299306664,1523.7667649429138,V100,instruct-concise,12,0.0026941686176301,float16,None,None,False
230,lmsys/vicuna-7B,33.00422508114337,218.19845533915372,6.521462410481351,1134.2387068502344,V100,instruct-concise,7,0.0014439438032165,float16,None,None,False
231,openaccess-ai-collective/manticore-13b-chat-pyg,21.69738931527289,229.17763599731364,10.522901259287243,2290.821816655476,V100,instruct-concise,13,0.0027766208109541,float16,None,None,False
232,BAIR/koala-13b,20.97945489282466,168.6877098723976,7.777735522072535,1462.68017528543,V100,instruct-concise,13,0.0024085930682071,float16,None,None,False
233,Neutralzz/BiLLa-7B-SFT,30.656448666055088,99.96474143720616,3.1034504787446604,493.75409200805854,V100,instruct-concise,7,0.0013720229000225,float16,None,None,False
234,OpenAssistant/oasst-sft-1-pythia-12b,15.311911635208784,239.28374748153124,15.189281238389173,2210.647578240437,V100,instruct-concise,12,0.0025662786469893,float16,None,None,False
235,h2oai/h2ogpt-gm-oasst1-en-2048-open-llama-7b-preview-300bt-v2,30.99540256126542,217.505036937542,6.9492957234086985,1093.5390379449263,V100,instruct-concise,7,0.0013965692388117,float16,None,None,False
236,project-baize/baize-v2-7B,30.171092209096468,243.02182672934856,7.826149599316017,1279.5043529214238,V100,instruct-concise,7,0.001462493639336,float16,None,None,False
237,tatsu-lab/alpaca-7B,32.01702487024256,119.6296171927468,3.623346220601726,576.9808673606445,V100,instruct-concise,7,0.0013397389953819,float16,None,None,False
238,Salesforce/xgen-7b-8k-inst,38.467648583908094,274.2149093351242,7.175161660318009,1445.4932884486211,V100,instruct-concise,7,0.0014642745517795,float16,None,None,False
239,camel-ai/CAMEL-13B-Combined-Data,21.698576445650616,246.249832102082,11.359782962929792,2355.2015053727355,V100,instruct,13,0.0026567434982457,float16,None,None,False
240,databricks/dolly-v2-12b,15.057831510732871,159.93451981195437,10.197591386884174,1619.948066823369,V100,instruct,12,0.0028135612915002,float16,None,None,False
241,nomic-ai/gpt4all-13b-snoozy,21.81850230944136,220.82639355272,10.106196799825966,2202.807249832109,V100,instruct,13,0.0027709138064832,float16,None,None,False
242,project-baize/baize-v2-7B,32.278702324630125,300.21826729348555,9.151365330046676,1557.4543243787796,V100,instruct,7,0.0014410388985204,float16,None,None,False
243,FreedomIntelligence/phoenix-inst-chat-7b,43.15794896524618,220.48556077904635,4.912834925525496,1134.9532484889164,V100,instruct,7,0.0014298659292381,float16,None,None,False
244,Neutralzz/BiLLa-7B-SFT,31.576098085051683,146.43485560779047,4.467502261238455,821.7476809939546,V100,instruct,7,0.0015588040413815,float16,None,None,False
245,OpenAssistant/oasst-sft-1-pythia-12b,15.249688094942522,252.0886501007388,16.127927775413387,2645.1371722632653,V100,instruct,12,0.0029146902303418,float16,None,None,False
246,h2oai/h2ogpt-gm-oasst1-en-2048-open-llama-7b-preview-300bt-v2,31.9963132875822,228.9153794492948,7.081518725379781,1231.1418035594345,V100,instruct,7,0.001493931229718,float16,None,None,False
247,lmsys/fastchat-t5-3b-v1.0,30.11501180390337,359.1101410342512,18.113400371066604,872.8616652115497,V100,instruct,3,0.0006751732851976,float16,None,None,False
248,BAIR/koala-13b,21.686819170677825,255.0466756212223,11.667351228473493,2196.752793149772,V100,instruct,13,0.0023925389645717,float16,None,None,False
249,StabilityAI/stablelm-tuned-alpha-7b,28.54267912639095,233.76057756883816,7.929687720685966,1381.343463734048,V100,instruct,7,0.0016414509310959,float16,None,None,False
250,lmsys/vicuna-13B,21.92047685400391,264.0950302216253,12.061023608554358,2516.2876131632,V100,instruct,13,0.0026466563223384,float16,None,None,False
251,openaccess-ai-collective/manticore-13b-chat-pyg,21.703210621473303,274.1773002014775,12.581106571755186,2362.644396574878,V100,instruct,13,0.0023936704813907,float16,None,None,False
252,togethercomputer/RedPajama-INCITE-7B-Chat,21.543639351812168,281.8143049026192,12.532223938875198,1700.600847212891,V100,instruct,7,0.0016762425327878,float16,None,None,False
253,lmsys/vicuna-7B,31.797633189426183,268.90094022834114,8.36020701868699,1386.7618619879124,V100,instruct,7,0.0014325410242257,float16,None,None,False
254,metaai/llama-13B,18.476088005501783,117.27736736064472,5.550619761657461,1274.2525688381445,V100,instruct,13,0.0030181360211728,float16,None,None,False
255,metaai/llama-7B,23.642990385313613,110.3025520483546,3.7306664026356073,636.4017854264604,V100,instruct,7,0.0016026671228066,float16,None,None,False
256,tatsu-lab/alpaca-7B,31.257537640928863,127.87004701141706,3.9853428024686144,671.8288287441229,V100,instruct,7,0.0014594435792999,float16,None,None,False
257,BAIR/koala-7b,31.414143726094665,253.60376091336468,7.832867446137829,1181.3637347212878,V100,instruct,7,0.0012939736847602,float16,None,None,False
258,RWKV/rwkv-raven-7b,39.9399840394634,246.79650772330425,5.83791405340994,1302.0306672263273,V100,instruct,7,0.0014654793484603,float16,None,None,False
259,Salesforce/xgen-7b-8k-inst,37.60606003674811,273.058764271323,7.2999356819368035,1329.6854536601766,V100,instruct,7,0.0013526651358245,float16,None,None,False
827,EleutherAI/pythia-6.9b-deduped,40.4,256.0,6.34,2138.112,A100,chat,7,0.00232,float16,None,None,False
828,EleutherAI/pythia-6.7b,40.4,256.0,6.34,2138.112,A100,chat,7,0.00232,float16,None,None,False
844,GeneZC/MiniMA-3B,53.2,256.0,4.81,1345.5359999999998,A100,chat,3,0.00146,float16,None,None,False
845,GeneZC/MiniMA-2-3B,54.9,256.0,4.66,1345.5359999999998,A100,chat,3,0.00146,float16,None,None,False
848,DevaMalla/llama-base-7b,42.4,256.0,6.04,2082.816,A100,chat,7,0.00226,float16,None,None,False
860,meta-llama/Llama-2-7b-hf,42.0,256.0,6.1,2009.088,A100,chat,7,0.00218,float16,None,None,False
862,winglian/Llama-2-3b-hf,82.3,256.0,3.11,1041.408,A100,chat,3,0.00113,float16,None,None,False
871,scb10x/typhoon-7b,34.4,256.0,7.45,2359.2960000000003,A100,chat,7,0.00256,float16,None,None,False
876,sarvamai/OpenHathi-7B-Hi-v0.1-Base,41.4,256.0,6.18,2045.952,A100,chat,7,0.0022199999999999,float16,None,None,False
880,Kunhao/pile-7b-250b-tokens,38.7,256.0,6.62,2128.896,A100,chat,7,0.00231,float16,None,None,False
882,cerebras/Cerebras-GPT-6.7B,54.9,256.0,4.66,1668.096,A100,chat,7,0.00181,float16,None,None,False
894,bigscience/bloom-3b,53.4,256.0,4.79,1373.184,A100,chat,3,0.00149,float16,None,None,False
906,stabilityai/stablelm-base-alpha-7b,66.1,256.0,3.87,1529.856,A100,chat,7,0.00166,float16,None,None,False
907,stabilityai/stablelm-base-alpha-3b,79.0,256.0,3.24,1078.272,A100,chat,3,0.00117,float16,None,None,False
908,stabilityai/stablelm-base-alpha-7b-v2,43.0,256.0,5.95,2045.952,A100,chat,7,0.0022199999999999,float16,None,None,False
909,stabilityai/stablelm-3b-4e1t,42.5,256.0,6.03,1631.232,A100,chat,3,0.00177,float16,None,None,False
917,openlm-research/open_llama_3b_v2,46.5,256.0,5.51,1594.368,A100,chat,3,0.00173,float16,None,None,False
918,openlm-research/open_llama_7b_v2,42.5,256.0,6.03,2045.952,A100,chat,7,0.0022199999999999,float16,None,None,False
919,openlm-research/open_llama_7b,42.6,256.0,6.01,2055.168,A100,chat,7,0.0022299999999999,float16,None,None,False
920,openlm-research/open_llama_3b,46.8,256.0,5.47,1575.936,A100,chat,3,0.00171,float16,None,None,False
921,RWKV/rwkv-4-3b-pile,29.3,256.0,8.73,2340.864,A100,chat,3,0.0025399999999999,float16,None,None,False
924,RWKV/rwkv-4-7b-pile,30.2,256.0,8.49,2543.616,A100,chat,7,0.00276,float16,None,None,False
926,golaxy/gowizardlm,42.6,256.0,6.01,2009.088,A100,chat,7,0.00218,float16,None,None,False
929,togethercomputer/RedPajama-INCITE-7B-Base,40.0,256.0,6.4,2165.76,A100,chat,7,0.00235,float16,None,None,False
930,togethercomputer/RedPajama-INCITE-Base-3B-v1,39.4,256.0,6.49,1760.256,A100,chat,3,0.00191,float16,None,None,False
931,togethercomputer/RedPajama-INCITE-Base-7B-v0.1,40.5,256.0,6.32,2147.328,A100,chat,7,0.00233,float16,None,None,False
934,huggingface/llama-7b,42.2,256.0,6.07,2018.304,A100,chat,7,0.00219,float16,None,None,False
939,fblgit/una-llama-7b,42.9,256.0,5.97,1972.224,A100,chat,7,0.00214,float16,None,None,False
940,codellama/CodeLlama-7b-hf,43.3,256.0,5.91,2009.088,A100,chat,7,0.00218,float16,None,None,False
1774,GeneZC/MiniMA-2-3B,102.0,256.0,2.52,599.04,NVIDIA GeForce RTX 4090,chat,3,0.00065,float16,None,None,False
1775,GeneZC/MiniMA-3B,102.0,256.0,2.52,599.9616,NVIDIA GeForce RTX 4090,chat,3,0.000651,float16,None,None,False
1785,mistralai/Mistral-7B-v0.1,49.1,256.0,5.21,1336.3200000000002,NVIDIA GeForce RTX 4090,chat,7,0.00145,float16,None,None,False
1786,Deci/DeciLM-7B,51.2,256.0,5.0,1299.456,NVIDIA GeForce RTX 4090,chat,7,0.00141,float16,None,None,False
1788,rishiraj/CatPPT-base,49.4,256.0,5.18,1400.832,NVIDIA GeForce RTX 4090,chat,7,0.00152,float16,None,None,False
1790,scb10x/typhoon-7b,49.2,256.0,5.2,1354.752,NVIDIA GeForce RTX 4090,chat,7,0.00147,float16,None,None,False
1791,stabilityai/japanese-stablelm-base-gamma-7b,49.2,256.0,5.2,1373.184,NVIDIA GeForce RTX 4090,chat,7,0.00149,float16,None,None,False
1792,stabilityai/stablelm-base-alpha-3b,98.8,256.0,2.59,702.2592,NVIDIA GeForce RTX 4090,chat,3,0.000762,float16,None,None,False
1793,golaxy/gowizardlm,51.8,256.0,4.94,1308.672,NVIDIA GeForce RTX 4090,chat,7,0.00142,float16,None,None,False
1797,EleutherAI/pythia-6.7b,51.1,256.0,5.01,1345.5359999999998,NVIDIA GeForce RTX 4090,chat,7,0.00146,float16,None,None,False
1800,EleutherAI/pythia-12b-deduped,32.5,256.0,7.87,2239.488,NVIDIA GeForce RTX 4090,chat,12,0.00243,float16,None,None,False
1801,EleutherAI/pythia-6.9b-deduped,50.8,256.0,5.04,1354.752,NVIDIA GeForce RTX 4090,chat,7,0.00147,float16,None,None,False
1803,EleutherAI/pythia-12b,32.4,256.0,7.9,2285.568,NVIDIA GeForce RTX 4090,chat,12,0.00248,float16,None,None,False
1809,vishesht27/22-Neuro_Model,49.1,256.0,5.21,1354.752,NVIDIA GeForce RTX 4090,chat,7,0.00147,float16,None,None,False
1814,cyberagent/calm2-7b-chat,51.8,256.0,4.94,1317.888,NVIDIA GeForce RTX 4090,chat,7,0.00143,float16,None,None,False
1828,openlm-research/open_llama_7b_v2,52.6,256.0,4.87,1281.024,NVIDIA GeForce RTX 4090,chat,7,0.00139,float16,None,None,False
1829,openlm-research/open_llama_3b_v2,89.8,256.0,2.85,710.5536,NVIDIA GeForce RTX 4090,chat,3,0.000771,float16,None,None,False
1830,openlm-research/open_llama_7b,52.8,256.0,4.85,1262.592,NVIDIA GeForce RTX 4090,chat,7,0.00137,float16,None,None,False
1831,openlm-research/open_llama_3b,90.1,256.0,2.84,713.3184,NVIDIA GeForce RTX 4090,chat,3,0.000774,float16,None,None,False
1832,cerebras/Cerebras-GPT-6.7B,53.4,256.0,4.79,1262.592,NVIDIA GeForce RTX 4090,chat,7,0.00137,float16,None,None,False
1840,itsliupeng/openllama-7b-base,52.6,256.0,4.87,1271.808,NVIDIA GeForce RTX 4090,chat,7,0.00138,float16,None,None,False
1841,itsliupeng/openllama-7b-icl,52.7,256.0,4.86,1308.672,NVIDIA GeForce RTX 4090,chat,7,0.00142,float16,None,None,False
1842,tiiuae/falcon-7b,43.2,256.0,5.93,1446.912,NVIDIA GeForce RTX 4090,chat,7,0.00157,float16,None,None,False
1851,augmxnt/shisa-base-7b-v1,47.3,256.0,5.41,1446.912,NVIDIA GeForce RTX 4090,chat,7,0.00157,float16,None,None,False
1853,bigscience/bloom-7b1,55.9,256.0,4.58,1363.968,NVIDIA GeForce RTX 4090,chat,7,0.00148,float16,None,None,False
1854,bigscience/bloom-3b,107.0,256.0,2.39,638.6687999999999,NVIDIA GeForce RTX 4090,chat,3,0.0006929999999999,float16,None,None,False
1855,togethercomputer/RedPajama-INCITE-Base-7B-v0.1,50.9,256.0,5.03,1363.968,NVIDIA GeForce RTX 4090,chat,7,0.00148,float16,None,None,False
1856,togethercomputer/RedPajama-INCITE-7B-Base,50.8,256.0,5.04,1354.752,NVIDIA GeForce RTX 4090,chat,7,0.00147,float16,None,None,False
1857,togethercomputer/RedPajama-INCITE-Base-3B-v1,88.0,256.0,2.91,675.5328000000001,NVIDIA GeForce RTX 4090,chat,3,0.000733,float16,None,None,False
1858,DevaMalla/llama-base-7b,52.8,256.0,4.85,1271.808,NVIDIA GeForce RTX 4090,chat,7,0.00138,float16,None,None,False
